Entity,Code,Year,Nitrogen oxide (NOx),Sulphur dioxide (SO鈧) emissions,Carbon monoxide (CO) emissions,Organic carbon (OC) emissions,Non-methane volatile organic compounds (NMVOC) emissions,Black carbon (BC) emissions,Ammonia (NH鈧) emissions
United States,USA,1750,2730.838,2495.7087,1852731.4,103608.12,175782.1,10968.587,12613.964
United States,USA,1760,3206.241,2925.977,2171669.5,121431.734,206068.48,12855.646,14838.134
United States,USA,1770,3788.7942,3451.9944,2561440.8,143210.25,243088.97,15161.47,17571.863
United States,USA,1780,4509.415,4100.9976,3042148.5,170064.97,288757.3,18004.8,20964.81
United States,USA,1790,5408.9683,4908.812,3640215.2,203469.17,345590,21541.66,25215.951
United States,USA,1800,7527.3213,9893.503,4837091.5,270189.66,459443.2,28665.93,33798.156
United States,USA,1801,7794.7373,10311.855,4998875,279215.5,474831.66,29625.172,35048.133
United States,USA,1802,8071.192,10827.852,5160341,288219.88,490193.4,30583.887,36303.438
United States,USA,1803,8329.305,11147.59,5321187.5,297195.38,505493.56,31536.088,37563.473
United States,USA,1804,8623.8955,11859.453,5482016.5,306156.94,520801.88,32493.76,38829.434
United States,USA,1805,8881.824,12178.466,5642026.5,315084.62,536025.3,33440.918,40099.73
United States,USA,1806,9121.308,12300.194,5801419,323983.38,551187.2,34381.543,41374.76
United States,USA,1807,9424.797,13110.124,5961091,332875.72,566392.06,35333.664,42654.684
United States,USA,1808,9691.597,13526.219,6119945.5,341734.12,581512.1,36275.25,43940.523
United States,USA,1809,9953.704,13892.601,6278332.5,350567.38,596588,37213.312,45231.39
United States,USA,1810,10259.267,14715.797,6436350.5,360675.56,611842.8,38928.47,46527.492
United States,USA,1811,10618.95,15377.247,6649084.5,372467.34,632048.75,40143.645,48169.023
United States,USA,1812,10988.258,16138.041,6861960,384264.2,652270.44,41361.11,49817.746
United States,USA,1813,11357.984,16899.453,7074878,396063.56,672496.2,42578.85,51473.465
United States,USA,1814,11732.745,17710.957,7287887.5,407866.78,692731.8,43797.88,53136.28
United States,USA,1815,12107.928,18523.08,7500939,419672.53,712971.5,45017.184,54806.09
United States,USA,1816,12511.185,19633.32,7714326,431488.4,733250.25,46242.816,56481.383
United States,USA,1817,12905.734,20645.277,7927656,443304.28,753521.4,47466.715,58165.52
United States,USA,1818,13309.99,21757.324,8141124.5,455125.28,773808.25,48692.91,59856.855
United States,USA,1819,13612.692,21777.074,8353564.5,466921.12,793971.1,49897.168,61552.996
United States,USA,1820,13976.012,22442.65,8566680,478735.9,814213.7,51114.82,63257.426
United States,USA,1821,14457.191,24149.316,8836476,494103.9,839960.5,52914.348,65492.426
United States,USA,1822,14938.003,25119.875,9105317,509417.28,865619.7,54708.11,67736.03
United States,USA,1823,15418.445,26159.426,9373201,524676.06,891191.25,56496.105,69988.24
United States,USA,1824,15996.17,28139.012,9641139,539906.6,916797.44,58299.59,72251.14
United States,USA,1825,16582.928,30358.127,9908213,555085.2,942327.7,60099.348,74522.84
United States,USA,1826,17243.766,33339.758,10175091,570229.25,967863.4,61909.562,76801.94
United States,USA,1827,17843.984,36408.555,10440384,585302.4,993235.8,63700.86,79091.08
United States,USA,1828,18462.572,40061.81,10704905,600325.9,1018543.9,65490.457,81389.21
United States,USA,1829,19149.56,43680.305,10969176,615271.75,1043844.7,67264.27,83697.45
United States,USA,1830,19960.865,48000.355,11233666,630458.8,1069246.2,69216.305,86016.78
United States,USA,1831,20749.607,50858.453,11574385,650010.9,1101884.4,71638.19,88981.72
United States,USA,1832,22267.828,62724.152,11921047,669266.6,1135238.2,73966.95,91973.445
United States,USA,1833,23465.303,70565.91,12262864,688391.6,1168055.8,76243.48,94969.24
United States,USA,1834,23830.652,69542.11,12594742,707202.8,1199695.8,78329.95,97958.266
United States,USA,1835,25574.441,83276.336,12938899,726298.44,1232908.6,80706.69,100987.62
United States,USA,1836,26654.023,90364.24,13274813,745125.8,1265153.4,82929.9,104010.04
United States,USA,1837,27939.367,97907.02,13611202,763920.1,1297511.4,85188.51,107051.42
United States,USA,1838,28138.057,95579.48,13935214,782332,1328378.4,87201.93,110080.64
United States,USA,1839,29310.062,103671.086,14267345,800918.44,1360312.1,89417.46,113141.53
United States,USA,1840,30313.008,108629.36,14596228,819370.6,1391894,91587.055,116209.77
United States,USA,1841,31445.36,115340.6,15022319,842064.3,1432675.9,93646.414,120379.54
United States,USA,1842,33038.94,126594.14,15448085,864605.06,1473586.4,95777.15,124572.36
United States,USA,1843,34841.074,139260.19,15870736,887861.1,1514430.5,98484.91,128782.26
United States,USA,1844,37532.5,161428.5,16297177,911079.8,1555931.4,101356.77,133024.28
United States,USA,1845,40677.188,189347.1,16723089,934143.2,1597548.6,104298.15,137284.34
United States,USA,1846,43317.58,209727.61,17139140,956792.56,1638097,107101.305,141551.62
United States,USA,1847,47050.824,242692.25,17560822,979459.25,1679551.1,110112.52,145855.33
United States,USA,1848,49955.11,269691.34,17969508,1001624.3,1719535.9,112915.195,150154.69
United States,USA,1849,52499.84,289163.34,18369786,1023414.56,1758632.1,115611.13,154459.66
United States,USA,1850,55402.16,304843.38,18778340,1045312.9,1797561.2,118501.53,158792.64
United States,USA,1851,62170.793,369222.9,19267700,1071461,1846462,123115.67,164624.7
United States,USA,1852,65463.56,397565.28,19735304,1097285,1891955.2,127096.8,170414.5
United States,USA,1853,70246.74,441743.5,20231166,1124218.2,1940235.2,131578.25,176268.08
United States,USA,1854,74509.414,482499.53,20734506,1151669.2,1988802.5,136083.66,182142.48
United States,USA,1855,81202.016,548416.3,21280384,1180688.2,2041463,141420.45,188095.89
United States,USA,1856,82710.125,560259.9,21779214,1207423.8,2085884.4,146179.48,193965.56
United States,USA,1857,83086.22,559359.94,22275700,1234346.8,2129690.5,150756.88,199841.95
United States,USA,1858,82916.36,552212.3,22774826,1261598.9,2173587.2,155262.77,205737.03
United States,USA,1859,86020.06,581120.56,23344910,1291357.4,2223148.8,161309.05,211744.77
United States,USA,1860,89391.75,588570,23905018,1320811.1,2273211.5,166803.06,217798.23
United States,USA,1861,93927.87,551441,24164386,1333217,2300479,168386.3,223424.92
United States,USA,1862,99162.766,557270.1,24496696,1348399.8,2330629.2,171918.83,229099.56
United States,USA,1863,103416.984,618963.5,24961920,1368767.1,2363739.5,179114.53,234804.55
United States,USA,1864,103800.08,640727.06,25355092,1386909.2,2391245.8,184598.34,240448.94
United States,USA,1865,104624.63,624613.94,25665676,1401918.6,2416961,187753.52,246129.34
United States,USA,1866,111121.79,632207,25874174,1415521.8,2445759,189993.64,251944
United States,USA,1867,123602.02,773940.94,26429000,1441240.9,2490036.8,200949.3,257987.12
United States,USA,1868,135031.61,876250.6,26868162,1462849.5,2530287,208892.55,264016.9
United States,USA,1869,149583.27,989884.9,27351724,1485723.2,2574933,217727.02,270175.25
United States,USA,1870,159308.55,1044906.3,27665200,1502943.2,2610743.8,222387.03,276228.84
United States,USA,1871,164151.4,1097149,27750996,1505301,2620602.8,225379.48,285003.78
United States,USA,1872,191729.3,1335974,28336366,1523228.4,2666025.5,239822.52,294452.84
United States,USA,1873,221816.55,1476522.5,28697310,1532255.5,2707149.2,247817.61,304014.47
United States,USA,1874,223494.19,1438365,28554812,1526432.2,2707194,244847.56,312866.94
United States,USA,1875,216063.4,1469770.2,28542394,1527066.2,2702668.2,246519.03,321543.12
United States,USA,1876,217042.81,1476116.4,28407606,1519571.2,2703748.8,242722.5,330464.72
United States,USA,1877,253348.16,1657997.1,28769086,1525473.4,2751946.5,248910.47,340392.6
United States,USA,1878,262551.06,1658463.9,28653452,1517161.8,2761630,244554.39,349661.9
United States,USA,1879,318034.28,2039247.4,29445146,1536544.4,2840228.5,260806.14,360211.4
United States,USA,1880,372486.72,2339630.8,29999114,1545750.6,2909903,271193.9,370784.6
United States,USA,1881,392341.6,2469453.5,30034186,1536839.2,2913941.5,276984.25,380987.84
United States,USA,1882,433574.6,2749675,30436686,1538155.5,2947547.2,290477.03,391796.34
United States,USA,1883,426056.1,2979079,30537584,1536198.9,2923871.8,301349.4,401287.62
United States,USA,1884,448161.97,3128062,30620730,1528276.4,2927770,307857.9,411632.25
United States,USA,1885,457216.66,3154703,30392158,1512668.6,2900052.8,308401.6,421496.34
United States,USA,1886,525175.44,3244986,30579084,1500989,2936726,313221.4,432798.62
United States,USA,1887,572427,3427297.2,30804748,1493632.8,2952398.5,321330.88,443522.66
United States,USA,1888,674462.06,4114193.8,32269856,1517950.4,3047225.2,354761.16,455876.7
United States,USA,1889,645688.1,3717214.2,31299556,1473862.1,3011002,333909.56,466443.56
United States,USA,1890,770181.3,4407408.5,33148494,1497339.6,3173106.8,367708.03,480314.03
United States,USA,1891,826259.8,4721904.5,33746176,1491708.4,3238768.2,380363.75,493151.47
United States,USA,1892,833360.94,5035804,34047720,1485808.5,3237147.8,392450,504476
United States,USA,1893,828326.7,5060707,33821736,1466655.6,3207500.5,393459.84,515587.12
United States,USA,1894,796827.7,4773664.5,32724852,1425838.6,3132408.5,376360.78,526262.9
United States,USA,1895,882858.94,5368822,34043612,1439429.1,3227217.5,404131.03,539704.56
United States,USA,1896,924488.25,5478833,33423172,1407456.8,3227949,399961.34,552191.3
United States,USA,1897,953148.06,5784515.5,33161954,1388823.6,3219764.8,406261.22,564141.3
United States,USA,1898,998527.56,6369168.5,33488410,1385740.2,3237344.5,425181.53,576362.9
United States,USA,1899,1122689.1,7323842,34788600,1400247.6,3352382.2,458875.4,590476.8
United States,USA,1900,1206129.6,7861928,35042500,1388852.4,3414872.5,470415.44,604066.9
United States,USA,1901,1338083.1,8608947,35945124,1397464,3562354.5,492266.1,620214.06
United States,USA,1902,1508141.8,9149905,36671376,1394707.4,3744915.8,504622.62,637700.06
United States,USA,1903,1764782.1,10678827,39323964,1434777.2,4045323.8,554928.25,656788.6
United States,USA,1904,1856340.9,10684506,38581210,1401139.2,4097893,540358.7,672689.56
United States,USA,1905,2124515.5,11993487,40559270,1422000.2,4403982.5,574813.44,691984.8
United States,USA,1906,2180227.2,12718984,40845948,1434473.6,4460631.5,592385.9,707417.44
United States,USA,1907,2626402.5,14539637,44788980,1495092.5,4979792,654484,732555.3
United States,USA,1908,2486880.2,12756436,41197212,1418326.2,4734287.5,590693.44,745497.3
United States,USA,1909,2711551.2,14328698,42983748,1454546.9,5000904.5,630350.5,764743.8
United States,USA,1910,3018222,15520514,45106384,1485834,5337602.5,665872.25,786797.4
United States,USA,1911,3064817,15046527,45176388,1477225.4,5355858.5,664840.1,802884.8
United States,USA,1912,3233345,15869556,47021172,1510023.2,5551033.5,701835.3,820768.56
United States,USA,1913,3609523.2,16578051,50172196,1547342.8,5948882.5,743212.8,844461.5
United States,USA,1914,3533733.8,14805694,48111532,1489401,5807034,696780.06,858977.06
United States,USA,1915,3711474.2,15230903,49559550,1507513.8,6012423.5,720134.6,877946.56
United States,USA,1916,4145666,17305128,52493124,1550082.6,6456628,766921.75,902002.4
United States,USA,1917,4572576,18824422,55454988,1592496.5,6895127.5,813633.9,926494.6
United States,USA,1918,4837029.5,19394338,56786844,1603801.1,7169977,831754.25,948238.1
United States,USA,1919,4700279.5,15822224,52142340,1467538.9,6925302.5,714227.7,963648.94
United States,USA,1920,5755116.5,17909114,60102464,1543659.1,8007630,792862,1003660.7
United States,USA,1921,5426933,13742018,55442016,1409694.6,7619499,678058.7,1016018.4
United States,USA,1922,5908811.5,13906874,58393464,1398197.6,8186184,676819.9,1045944.5
United States,USA,1923,7286530.5,18590192,70641040,1582219,9794803,851676.6,1094900.2
United States,USA,1924,6903891,16668976,66366404,1487288,9325416,773696.4,1103221
United States,USA,1925,7166427.5,16832986,68547980,1499913,9667084,792728.25,1156222.2
United States,USA,1926,7529626,18551408,70276680,1511189.5,9972589,818105.75,1197373.8
United States,USA,1927,8170575,18090190,71705000,1423225.8,10592611,756318.6,1238210.4
United States,USA,1928,8311180.5,18075764,70595240,1352660.2,10626853,708352.25,1261308.8
United States,USA,1929,9159017,19515386,74403384,1338639.5,11420279,712736.94,1297314.6
United States,USA,1930,8235695.5,17149928,66058396,1212647.1,10313791,611237.3,1282494.8
United States,USA,1931,7443244.5,14101313,59962890,1110116.8,9531599,523110.3,1272803.2
United States,USA,1932,6700796,11303627,54285556,1019412.94,8757104,445920,1254595.9
United States,USA,1933,7297584.5,12281218,58075784,1029387.5,9467148,464112.2,1266974.1
United States,USA,1934,7505838,13329611,58925844,1036971.44,9617698,479396.16,1266179.1
United States,USA,1935,7995811.5,14070581,61677010,1031872.6,10166821,483325.25,1274347.2
United States,USA,1936,8932328,16389283,67437000,1082154.4,11132538,536205.44,1309621.6
United States,USA,1937,9879332,17111996,73123130,1083591.9,12221144,543764.06,1345831
United States,USA,1938,8994780,13733471,66817760,988003.94,11318456,458357.38,1337354.6
United States,USA,1939,9599323,15479198,70489660,1017693.1,11941165,491857.4,1356899.1
United States,USA,1940,10562899,17534004,76468340,1058455.6,12935322,536360.25,1383004.5
United States,USA,1941,11202729,19514082,80211440,1089066.1,13390012,574405.6,1418268.5
United States,USA,1942,11222662,21151708,79126230,1118438.4,13501042,609511.56,1427668.5
United States,USA,1943,11897453,21501242,82716910,1116909.9,14234764,616869.1,1464304.4
United States,USA,1944,13157037,22374524,90397520,1141246.8,15609490,648623.94,1519771.2
United States,USA,1945,13217994,20972696,90526536,1091575.2,15742788,611623.6,1546276.5
United States,USA,1946,12994977,19577784,88565900,1016276.94,15626682,548888.2,1581039.9
United States,USA,1947,13952712,22343606,93474230,1028525.94,16653757,565021.25,1645444.5
United States,USA,1948,14884433,22755498,99390936,1000886.8,17816960,547661.2,1714329.9
United States,USA,1949,12892612,17456000,94776680,1065346,16455177,606005.06,1736654.9
United States,USA,1950,13892895,18438002,101676850,1051070.6,17843920,604564.6,1822568
United States,USA,1951,14793913,19242572,105874936,992964.7,18920396,571617.4,1903373.9
United States,USA,1952,15002836,18472664,107200970,938403.8,19199292,533435.06,1969783.1
United States,USA,1953,15443072,18821674,110005830,870726,19847198,493259.06,2044843.8
United States,USA,1954,15282936,17631540,109068020,820546.2,19672208,453901.66,2096162.1
United States,USA,1955,16396072,19752690,116453600,823846.8,21108848,463052.9,2171258.5
United States,USA,1956,16776408,20717122,119771820,802355.8,21904942,449932.12,2235855.5
United States,USA,1957,16385758,20206238,116825790,729004.7,21672916,395423.03,2284148.2
United States,USA,1958,16358745,19315206,117795110,721135.25,21525434,383515.25,2354252.2
United States,USA,1959,16691256,19175948,120353304,685405.4,22187220,361105.03,2431263
United States,USA,1960,16995954,20089312,120869544,730141.8,22375454,358851.4,2483007
United States,USA,1961,17196596,20693066,122067360,701979.56,22633518,348453.56,2515911.2
United States,USA,1962,17939212,21412274,126468856,699471.75,23375630,356025.84,2652803
United States,USA,1963,18837646,22231424,130487384,684876.25,24134058,352851.56,2752941.5
United States,USA,1964,19697346,23140526,134714770,663258.44,24868110,349030.2,2826117
United States,USA,1965,20439006,24377838,138343310,655684.06,25603198,353011.78,2985927.8
United States,USA,1966,21547778,25700380,144879550,662800.6,26793124,362115.06,3140772.8
United States,USA,1967,22315764,24800922,148768370,644396.6,27666386,353269.84,3283325.8
United States,USA,1968,23816066,26444220,157988060,649729.3,29038070,365152.9,3345106.2
United States,USA,1969,24727458,27814474,165452050,651807.2,30150458,370587.3,3431951.5
United States,USA,1970,25245774,28958874,172285740,640932.75,31159918,356621.8,3558218
United States,USA,1971,25482284,28097980,171205120,675814.7,30852630,385099.4,3618291.2
United States,USA,1972,26451576,28946982,174114910,672104.4,31367348,384374.2,3631848.5
United States,USA,1973,27273760,30564370,173877180,665156.75,31195074,389628.75,3682267.2
United States,USA,1974,25904320,28541700,162687410,670410.9,29651246,377699.56,3668665.5
United States,USA,1975,24646864,26646406,157399840,689635.4,28523936,364156,3772195
United States,USA,1976,25836602,27750544,163304770,738242.8,29196846,381815.1,3824614
United States,USA,1977,26547490,27789216,165785140,773053.25,29779022,390406.84,3777143.2
United States,USA,1978,26382390,25836768,168641600,824447.56,30109318,399101.44,3816597.5
United States,USA,1979,26185690,25654136,159984590,906896.7,29702476,420377.8,3859288.2
United States,USA,1980,24757332,24204642,149331780,894350.75,28241620,363518.38,3971479
United States,USA,1981,24203700,23072354,147224830,884394.94,27203718,351264.34,3936993
United States,USA,1982,22851656,21644812,144374270,883939.06,26146544,332501.66,3734029.5
United States,USA,1983,22687192,21013756,143638720,887715.3,25267494,334306.66,3822210.8
United States,USA,1984,23513766,22019724,141740940,899445.9,24673576,337593.25,3833829.2
United States,USA,1985,23356978,21724376,141264020,895136.75,24012258,321753.56,3769628.5
United States,USA,1986,22990058,21308074,137295120,900962.75,23502090,322491.47,3738746
United States,USA,1987,23354616,21524978,134757470,935066.5,23115148,328137.47,3802844
United States,USA,1988,23970444,21995378,132458830,946426.7,22675354,341977.8,3800798.8
United States,USA,1989,23755346,21951548,126236040,999935.9,21784786,335921.62,3909317.2
United States,USA,1990,22874892,21497030,115106640,776278.56,20277632,317523.7,3893807.2
United States,USA,1991,22499354,20807810,111805624,812399.4,20311546,301242.3,3948418.5
United States,USA,1992,22622656,20439922,108465496,842447.1,19956632,284550.94,4001839.5
United States,USA,1993,22400412,20092524,103024184,684031.2,19350064,269654.3,4068190.8
United States,USA,1994,22169514,19704718,101192160,662659.94,19225736,267196.44,4132871
United States,USA,1995,21924114,17223756,98993410,638794.56,18990092,256659.92,4195489
United States,USA,1996,21581656,17022910,93388810,712541.06,16308371,262355.97,4255311
United States,USA,1997,21581384,17405592,92026510,674048.9,16233512,255855.81,4336876.5
United States,USA,1998,21117484,17455780,90707096,650646.9,15794525,241619.36,4447470.5
United States,USA,1999,19651436,16071036,84966130,662858.7,14865091,233232.28,4403818
United States,USA,2000,19531784,15078526,85009580,626612.94,14460103,220627.84,4449506
United States,USA,2001,18672960,14756884,81687330,586471.2,14273536,221188.45,4253798.5
United States,USA,2002,17685900,13502245,69668530,557595.25,13886831,214652.64,3853426.8
United States,USA,2003,17267340,13886723,64976856,580346.6,13480561,217868.6,3874082.2
United States,USA,2004,16511385,13355942,60479120,595066.8,13372118,230706.92,3862108.5
United States,USA,2005,16311490,13291726,57691544,604776.06,13331693,234141.39,4143456.2
United States,USA,2006,15464336,11447893,54970508,587540.4,13075883,229715.75,4017162.2
United States,USA,2007,14971075,10658782,50682504,594966.25,12841635,230586.42,4226582.5
United States,USA,2008,13878402,9113667,46432916,607366.25,12427928,223694.08,4105730.5
United States,USA,2009,11962384,7207421,42935428,597499.56,11453838,209782.03,3906786.2
United States,USA,2010,11751738,6259394,38709650,623069.1,11195182,218527.77,4000680.2
United States,USA,2011,11760195,5761469,38878104,603045.75,11633875,195399.58,4054445.8
United States,USA,2012,10909564,4628252.5,34972800,547849.3,11223953,176553.83,4036744.5
United States,USA,2013,10647596,4395203.5,35743176,588665.4,10944835,184895.53,3993807
United States,USA,2014,10110209,4153988,34628884,590393.8,10951584,178161.83,3886277.5
United States,USA,2015,9548504,3207731.5,33485808,565982.44,10620185,175432.3,3990964
United States,USA,2016,8999325,2476505.2,29727288,524151.28,10425299,164689.4,4031489
United States,USA,2017,8387864.5,2245408.8,28561028,504386.38,11005045,157959.75,4094296
United States,USA,2018,8193212,2143257.8,26730576,527862.7,11010251,158095.27,4512596
United States,USA,2019,7689796.5,1882706.5,24870812,514527.94,10787989,148230.95,4543765
United States,USA,2020,6808512,1600467,21277028,443574.75,10413295,129181.01,4552450
United States,USA,2021,7000289.5,1738428.4,22130986,439785.4,10486530,131700.89,4591702.5
United States,USA,2022,6837541.5,1662017,21708476,443384.84,10467571,126661.76,4624186
Hungary,HUN,1750,1150.798,4035.5388,410825.2,17894.625,47282.04,1620.9257,14671.499
Hungary,HUN,1760,1248.5422,4361.19,443865.9,19325.615,51147.055,1750.6898,15933.073
Hungary,HUN,1770,1354.3431,4710.346,479268.66,20857.217,55301.215,1889.6073,17301.643
Hungary,HUN,1780,1468.8169,5084.1353,517141.47,22493.645,59760.723,2038.068,18785.998
Hungary,HUN,1790,1592.6172,5483.6064,557583.25,24238.607,64541.477,2196.4187,20395.592
Hungary,HUN,1800,1726.4354,5909.6953,600679.4,26095.113,69658.74,2364.944,22140.584
Hungary,HUN,1801,1742.7329,5955.478,605307.3,26294.277,70209.78,2383.0269,22380.75
Hungary,HUN,1802,1759.0526,6001.1636,609924.94,26492.96,70759.875,2401.0667,22621.736
Hungary,HUN,1803,1775.3944,6046.7524,614532.3,26691.166,71309.03,2419.0637,22863.547
Hungary,HUN,1804,1791.7584,6092.245,619129.44,26888.895,71857.24,2437.0178,23106.176
Hungary,HUN,1805,1808.1445,6137.6406,623716.25,27086.143,72404.51,2454.9294,23349.629
Hungary,HUN,1806,1824.5529,6182.94,628292.9,27282.912,72950.836,2472.798,23593.902
Hungary,HUN,1807,1840.9518,6228.142,632859.2,27479.205,73496.21,2490.6238,23838.105
Hungary,HUN,1808,1857.404,6273.248,637415.2,27675.018,74040.65,2508.407,24084.014
Hungary,HUN,1809,1873.8785,6318.2573,641961,27870.354,74584.15,2526.1472,24330.744
Hungary,HUN,1810,1890.3752,6363.1694,646496.5,28065.209,75126.7,2543.8447,24578.295
Hungary,HUN,1811,1908.1566,6411.827,651409.44,28276.217,75714.87,2563.01,24843.475
Hungary,HUN,1812,1925.9612,6460.37,656310.1,28486.656,76301.914,2582.1248,25109.543
Hungary,HUN,1813,1943.789,6508.798,661198.56,28696.523,76887.836,2601.1882,25376.496
Hungary,HUN,1814,1961.6398,6557.1104,666074.8,28905.824,77472.64,2620.201,25644.338
Hungary,HUN,1815,1979.5139,6605.3076,670938.8,29114.553,78056.32,2639.1626,25913.066
Hungary,HUN,1816,1997.3771,6653.39,675790.6,29322.713,78638.875,2658.0735,26181.723
Hungary,HUN,1817,2015.2971,6701.3574,680630.25,29530.303,79220.31,2676.933,26452.219
Hungary,HUN,1818,2033.2404,6749.21,685457.56,29737.324,79800.62,2695.7422,26723.6
Hungary,HUN,1819,2051.2068,6796.947,690272.75,29943.775,80379.81,2714.5,26995.87
Hungary,HUN,1820,2069.1963,6844.569,695075.6,30149.656,80957.875,2733.207,27269.025
Hungary,HUN,1821,2095.9263,6920.378,702737.06,30479.242,81871.08,2763.1333,27658.555
Hungary,HUN,1822,2122.6902,6995.994,710378.06,30807.871,82782.4,2792.974,28049.432
Hungary,HUN,1823,2149.4878,7071.418,717998.56,31135.547,83691.836,2822.7297,28441.658
Hungary,HUN,1824,2176.3196,7146.6484,725598.56,31462.27,84599.4,2852.4,28835.23
Hungary,HUN,1825,2203.185,7221.686,733178.06,31788.035,85505.07,2881.9849,29230.152
Hungary,HUN,1826,2230.0466,7296.531,740737.1,32112.848,86408.87,2911.4841,29625.355
Hungary,HUN,1827,2256.9797,7371.183,748275.7,32436.705,87310.79,2940.8982,30022.96
Hungary,HUN,1828,2283.9463,7445.642,755793.75,32759.607,88210.82,2970.227,30421.914
Hungary,HUN,1829,2310.947,7519.9087,763291.4,33081.56,89108.97,2999.4702,30822.215
Hungary,HUN,1830,2708.2925,11455.303,771129.44,33494.094,90147.54,3035.597,31224.121
Hungary,HUN,1831,2591.9365,10029.089,778356,33774.484,90978.55,3061.595,31626.541
Hungary,HUN,1832,2678.6863,10717.772,785758,34104.027,91885.52,3091.3213,32030.438
Hungary,HUN,1833,2634.0679,10041.594,793009.56,34400.047,92739.945,3118.4812,32435.582
Hungary,HUN,1834,2673.1,10233.292,800320.1,34715.688,93624.445,3147.121,32842.12
Hungary,HUN,1835,2640.4915,9684.116,807538.44,35012.566,94479.336,3174.3186,33249.95
Hungary,HUN,1836,2775.1104,10860.873,814897.4,35349.742,95396.44,3204.57,33658.047
Hungary,HUN,1837,2754.5112,10435.595,822082.44,35647.484,96251.8,3231.8054,34068.543
Hungary,HUN,1838,2757.8352,10257.312,829268.4,35950.086,97114.28,3259.397,34480.4
Hungary,HUN,1839,3035.9382,12895.169,836699.75,36319.56,98080.28,3292.0654,34893.78
Hungary,HUN,1840,3051.2725,12835.05,843852.44,36623.023,98943.234,3319.6948,35308.316
Hungary,HUN,1841,3192.504,13117.42,847535.8,36783.215,99425.43,3334.292,35581.99
Hungary,HUN,1842,3034.9192,11203.842,850995.06,36889.574,99813.12,3344.7134,35856.297
Hungary,HUN,1843,3063.6633,11361.59,854637.6,37045.453,100275.4,3358.8816,36131.53
Hungary,HUN,1844,3403.0088,14670.286,858568.44,37277.434,100855.69,3378.834,36407.766
Hungary,HUN,1845,3114.0325,11434.171,861855.9,37349.273,101188.875,3386.6003,36683.07
Hungary,HUN,1846,3038.8845,10624.223,865361.6,37479.496,101609.37,3398.7812,36960.59
Hungary,HUN,1847,3432.1367,14037.528,869260.4,37712.39,102195.5,3418.8108,37239.188
Hungary,HUN,1848,2909.3816,8656.1455,872294.56,37729.043,102439.68,3422.333,37517.965
Hungary,HUN,1849,2924.1926,8697.003,875838.1,37877.9,102889.08,3435.9106,37797.902
Hungary,HUN,1850,2947.1729,8777.768,879874.25,38028.23,103340.016,3449.9702,38078.73
Hungary,HUN,1851,3862.7642,17813.06,887393.2,38533.586,104362.14,3492.698,38330.89
Hungary,HUN,1852,4107.3735,20131.879,894305.1,38875.668,105131.1,3523.024,38583.484
Hungary,HUN,1853,4221.468,20184.896,901041.2,39163.76,105829.15,3549.3477,38836.81
Hungary,HUN,1854,4537.8755,23203.902,908114.06,39527.805,106634.03,3581.4033,39091.24
Hungary,HUN,1855,4640.533,23841,915000.06,40534.934,107354.516,4029.1765,39345.066
Hungary,HUN,1856,4772.4307,24595.766,921970.25,41004.844,108086.11,4151.92,39601.133
Hungary,HUN,1857,5084.827,26884.83,929138.56,41515.273,108884.84,4277.7954,39858.21
Hungary,HUN,1858,4590.8677,21619.428,935608.75,41839.113,109388.875,4389.468,40115.66
Hungary,HUN,1859,5900.7446,34138.152,943884.5,42610.375,110590.38,4535.209,40375.26
Hungary,HUN,1860,6327.7754,38503.59,951404.7,43180.29,111472.19,4665.6084,40635.2
Hungary,HUN,1861,6527.908,40362.613,958750.1,43650.523,112263.04,4769.289,40949.617
Hungary,HUN,1862,7263.506,46813.703,966600.44,44237.867,113246.74,4882.098,41264.324
Hungary,HUN,1863,7508.582,48567.84,974033.6,44709.65,114049.66,4986.1226,41581.406
Hungary,HUN,1864,7581.685,48676.188,981352.44,45142.49,114792.06,5087.177,41899.715
Hungary,HUN,1865,7706.8584,50311.496,988873.6,45615.906,115586.1,5191.344,42218.09
Hungary,HUN,1866,8312.644,56224.94,996870.3,46123.38,116556.195,5262.487,42539.49
Hungary,HUN,1867,9226.414,65081.293,1005208.75,46703.965,117646.984,5339.7065,42862.438
Hungary,HUN,1868,9835.076,69370.04,1013141.3,47172.137,118582.945,5408.352,43185.01
Hungary,HUN,1869,10408.1875,75029.91,1021261.3,47675.16,119555.33,5479.853,43510.43
Hungary,HUN,1870,10995.866,80757.24,1029438.56,48180.656,120535.805,5551.7783,43837.207
Hungary,HUN,1871,12806.395,97746.1,1038010.6,48913.848,121937.66,5638.8545,44242.477
Hungary,HUN,1872,13472.433,103294.27,1045484.8,49371.7,122897.945,5703.415,44647.383
Hungary,HUN,1873,13998.919,107382.17,1052851.8,49795.93,123805.8,5765.2705,45055.48
Hungary,HUN,1874,12820.608,95525.664,1058665.9,49835.438,124080.81,5795.1665,45464.33
Hungary,HUN,1875,13121.926,98150.19,1065961.2,50227.72,124928.48,5854.3174,45874.61
Hungary,HUN,1876,14395.063,102253.586,1073313.5,50463.062,126111.055,5836.182,46325.84
Hungary,HUN,1877,14497.162,107588.69,1079420.6,50741.9,126920.484,5792.7817,46723.844
Hungary,HUN,1878,14111.111,108466.89,1085045.9,50915.668,127539.51,5739.0615,47119.02
Hungary,HUN,1879,14070.738,108975.414,1091191.2,51077.707,128292.7,5694.9785,47537.86
Hungary,HUN,1880,15821.157,125008.27,1098916,51604.812,129683.695,5683.4824,47959.656
Hungary,HUN,1881,16856.973,132547.86,1104970.1,52244.11,130800.46,5826.239,48386.87
Hungary,HUN,1882,16934.764,133225.8,1110160,52726.895,131578.45,5950.4478,48808.273
Hungary,HUN,1883,18577.65,149565.11,1116958.8,53583.574,132973.45,6107.3022,49232.664
Hungary,HUN,1884,19516.408,157512.36,1123037,54244.81,134075.88,6248.3843,49659.723
Hungary,HUN,1885,19745.205,158474.77,1128456.4,54742.527,134907.25,6375.138,50089.7
Hungary,HUN,1886,18784.938,147285.64,1134744.4,54989.77,135358.06,6503.838,50520.754
Hungary,HUN,1887,18514.504,145216.61,1141976.5,55457.348,136142.92,6651.327,50954.344
Hungary,HUN,1888,19698.285,154668.34,1151162.1,56214.016,137448.27,6827.8887,51425.46
Hungary,HUN,1889,20899.523,163169.67,1160721.6,56955.32,138748.25,7005.4272,51900.39
Hungary,HUN,1890,22879.766,176997.6,1172032.5,57842.027,140345.53,7202.7876,52380.977
Hungary,HUN,1891,23756.365,185008.03,1182931.4,58514.934,141892.89,7296.814,52974.668
Hungary,HUN,1892,24406.771,191639.52,1192982.6,59121.12,143299.9,7382.9736,53565.82
Hungary,HUN,1893,25182.836,198614.77,1202699,59702.793,144692.05,7468.9253,54158.72
Hungary,HUN,1894,26629.38,211683.77,1213745.8,60414.734,146327.36,7570.4663,54749.312
Hungary,HUN,1895,28061.027,224315.78,1224410,61084.676,147901.31,7668.5747,55340.223
Hungary,HUN,1896,29908.1,239026.88,1236800.5,61889.473,149713.73,7808.9414,55936.28
Hungary,HUN,1897,30051.16,240665.33,1244174.9,62305.645,150737.75,7903.3125,56522.18
Hungary,HUN,1898,33535.81,272262.72,1262910.1,63539.336,153364.66,8086.4585,57111.816
Hungary,HUN,1899,32436.568,263059.75,1265082.2,63585.53,153680.77,8141.16,57695.43
Hungary,HUN,1900,36346.508,301460.66,1287780.9,64987.605,156676.66,8339.595,58281.945
Hungary,HUN,1901,36094.652,300622.94,1287537.6,64632.54,157544.98,8153.074,58845.684
Hungary,HUN,1902,33225.29,275828.53,1274007.2,63505.37,156823.62,7890.8584,59402.062
Hungary,HUN,1903,33794.086,284007.34,1276404.8,63350.05,158017.73,7723.974,59962.195
Hungary,HUN,1904,33543.242,285509.8,1274661.2,62958.65,158692.34,7532.253,60516
Hungary,HUN,1905,33877.22,288377.12,1273309.6,62578.742,159477.81,7345.1504,61079.92
Hungary,HUN,1906,35763.402,308976.78,1284836.8,62904.13,161271.72,7337.9927,61695.637
Hungary,HUN,1907,35683.832,308975.16,1283149.5,62529.883,161654.9,7272.376,62306.69
Hungary,HUN,1908,37434.16,324569.5,1291854.4,62654.246,163074.62,7249.426,62926.066
Hungary,HUN,1909,40336.9,355032.97,1312159.4,63282.285,165470.52,7268.6875,63552.39
Hungary,HUN,1910,39477.383,348999.03,1305189.2,62632.43,165218.53,7180.719,64168.15
Hungary,HUN,1911,39942.38,358019.9,1312364.9,62252.816,165963.25,6995.876,64632.316
Hungary,HUN,1912,40568.6,366930.62,1319253.1,61841.438,166680.9,6810.848,65102.117
Hungary,HUN,1913,42300.1,388076.3,1336754,61849.777,168201.81,6656.667,65567.1
Hungary,HUN,1914,37655.164,348764.7,1290998.2,59302.97,164367.11,6295.7837,65992.62
Hungary,HUN,1915,37413.926,360643.66,1286509.2,58408.62,163941.98,6070.175,66435.85
Hungary,HUN,1916,36625.32,370349.06,1324619.1,58070.95,165585.1,5979.342,66878.24
Hungary,HUN,1917,35320.082,370545.06,1354801.6,57506.5,166702,5873.9277,67330.56
Hungary,HUN,1918,29802.143,343206.9,1343739.1,55824.516,164633.16,5658.3247,67745.586
Hungary,HUN,1919,16459.143,160355.73,1098917.1,47895.246,147999.28,4901.6836,68141.65
Hungary,HUN,1920,18294.314,190140.25,1140445.2,48155.633,150511,4861.898,68624.71
Hungary,HUN,1921,26842.268,310414.97,1309263.8,51872.223,161469.72,5163.5757,69264.72
Hungary,HUN,1922,31271.635,366229.84,1386626,53162.742,166310.5,5249.417,69980.664
Hungary,HUN,1923,34024.777,394295.53,1416579.9,53200.125,168180.02,5228.7993,70761.445
Hungary,HUN,1924,33183.43,375288.06,1369713,51285.297,165086.94,5009.262,71322.24
Hungary,HUN,1925,30337.38,340055.8,1295980.9,48769.69,160011.8,4702.548,73955.28
Hungary,HUN,1926,36009.312,388805.25,1359573.5,49968.066,164450.36,4886.9106,76042.35
Hungary,HUN,1927,40298.23,427748.38,1406449.2,50763.215,167398.9,5011.8945,77271.75
Hungary,HUN,1928,42113.29,438406.3,1405976.8,50389.223,167344.47,5014.1406,78174.19
Hungary,HUN,1929,45764.08,479640.53,1456689.8,51328.113,170060.42,5134.773,78827.46
Hungary,HUN,1930,41941.156,391350.3,1291472,46759.004,160678.12,4747.798,78864.77
Hungary,HUN,1931,35287.43,354824.38,1207015.2,44431.85,153998.95,4416.729,78940.35
Hungary,HUN,1932,32077.422,326448.22,1136155.9,42323.305,149144.38,4171.855,78619.836
Hungary,HUN,1933,32578.83,319073.94,1101474.1,41070.15,147145.77,4050.8428,78392.125
Hungary,HUN,1934,35546.742,333872.34,1104396.6,40785.746,147775.39,4044.517,78154.15
Hungary,HUN,1935,34167.996,354270.6,1115485.5,40900.48,146862.36,3974.5933,77637.61
Hungary,HUN,1936,39469.31,373951.75,1112011.6,40781.37,147466.81,4106.607,78653.01
Hungary,HUN,1937,43944.824,422279.88,1150376.2,42000.047,149313.19,4328.6646,79342.805
Hungary,HUN,1938,45346.484,457733,1164743.4,42726.92,148974.3,4470.3403,79701.43
Hungary,HUN,1939,41965.332,456622.75,1123319,41961.44,144485.53,4400.3677,79665.234
Hungary,HUN,1940,48758.51,489590.1,1132692.1,42416.633,146315.92,4647.099,79977.62
Hungary,HUN,1941,58887.453,538441.75,1200808.1,43795.08,151991.08,5129.3813,80149.695
Hungary,HUN,1942,70911.65,559676.25,1230825,43889.11,157197.16,5562.3154,80065.42
Hungary,HUN,1943,79969.22,565874.75,1237957.4,43424.246,159847.66,5875.6265,80147.62
Hungary,HUN,1944,74822.05,469707.66,1090703.5,38570.707,151340.56,5396.813,79952.32
Hungary,HUN,1945,52225.81,232089.23,693639.06,25902.479,125133.16,3593.7068,79061.016
Hungary,HUN,1946,58929.75,307909.56,762764.44,28172.135,128218.92,4039.178,79825.74
Hungary,HUN,1947,60885.613,404767.56,841006.2,31240.225,128716.055,4468.1494,80591.766
Hungary,HUN,1948,62954.645,468051.03,859266.6,32519.928,126959.15,4673.146,81347.836
Hungary,HUN,1949,72036.16,577118.6,911739.8,35041.45,128512.69,5182.506,83165.83
Hungary,HUN,1950,69723.45,514824.03,779782.2,30958.672,121964.32,4678.4917,84695.36
Hungary,HUN,1951,83853.83,599045.7,829249.5,32732.129,127996.54,5185.7017,88354.625
Hungary,HUN,1952,97222.586,729334,913085.9,35724.613,134118.45,5723.7056,91285.98
Hungary,HUN,1953,113481.21,839321.9,980427.8,37679.613,142290.11,6583.1304,94376.19
Hungary,HUN,1954,120315,878856.25,985858.5,37508.61,146406.16,7451.0024,96508.516
Hungary,HUN,1955,127851.6,910467.1,987083,36992.133,152157.33,7576.769,98075.97
Hungary,HUN,1956,116377.61,858127.7,938964.7,35500.32,146106.47,7255.147,98565.69
Hungary,HUN,1957,128820.83,960673.6,1027699.2,38008.56,151303.2,9216.809,100446.8
Hungary,HUN,1958,133254.38,1016757.8,1073387.8,39175.73,154398.77,8701.846,102443.125
Hungary,HUN,1959,142026.28,1078156.5,1126524.6,40520.91,160691.62,9533.75,104741.016
Hungary,HUN,1960,153681.17,1155520.9,1193403.2,42136.633,168668.05,10810.11,106176.72
Hungary,HUN,1961,166729.97,1246318.5,1249947.5,43709.465,177192.84,12169.177,102260.79
Hungary,HUN,1962,173034.23,1270520.5,1244697.6,43474.69,180430.89,12918.019,112850.414
Hungary,HUN,1963,186528.38,1386978,1321886,46253.906,187362.97,15233.136,113201.98
Hungary,HUN,1964,205244.5,1499794.9,1402304.5,49174.867,197550.08,18377.568,121772.35
Hungary,HUN,1965,204565.94,1447750.8,1349292.8,47300.8,199485.33,17765.01,125033.51
Hungary,HUN,1966,208878.47,1419597.1,1305121.8,43545.793,201571.72,17236.262,126945.56
Hungary,HUN,1967,206314.66,1282842.4,1195921.6,38750.637,205962.83,15410.112,138989.02
Hungary,HUN,1968,217992.6,1307747.5,1201628.9,36570.324,212688.39,15080.165,153989.95
Hungary,HUN,1969,226544.45,1274673,1206377.4,36444.516,225858.47,14571.354,163003.19
Hungary,HUN,1970,227282.56,1354041.8,1239628.1,36007.824,216103.39,14576.843,177578.72
Hungary,HUN,1971,227103.38,1263631.9,1168105.5,32345.43,233398.12,9825.565,190044.64
Hungary,HUN,1972,236564.38,1267376,1135983.2,30443.219,232927.28,9667.138,183759.62
Hungary,HUN,1973,254072.69,1308040,1185491.9,31329.918,238688.5,10374.246,177631.92
Hungary,HUN,1974,268083.03,1291906.4,1193920.5,29694.893,251305.53,10891.965,195102.36
Hungary,HUN,1975,272111.25,1284849.6,1180128.2,25328.121,253792.72,11138.504,199346.64
Hungary,HUN,1976,278114.66,1325515.8,1253025.2,26900.94,256324.88,11402.136,189612.42
Hungary,HUN,1977,293929.5,1334253.2,1275684.8,25457.951,270770.16,11470.4,199660.6
Hungary,HUN,1978,313000.03,1440831.2,1342144.8,24394.281,281083.72,13260.838,202722.9
Hungary,HUN,1979,317387.97,1398872.8,1355864.2,25861.482,287205.9,12636.88,207207.28
Hungary,HUN,1980,309947.12,1371855.9,1336394.2,24492.97,285367.38,12002.476,195947.05
Hungary,HUN,1981,307811.2,1344743.9,1313873.1,24972.58,283940.1,11888.622,202952.8
Hungary,HUN,1982,305060.22,1354172.4,1330436.4,25588.473,283746.16,11532.285,215832.56
Hungary,HUN,1983,287329.28,1286121.5,1266379.2,23993.898,274821.9,10747.607,219383.25
Hungary,HUN,1984,294373.6,1318908.4,1327717.4,26195.902,281094.12,11171.88,226716.2
Hungary,HUN,1985,291339.38,1275671.5,1417136.2,26663.965,278633.38,11799.792,199790.25
Hungary,HUN,1986,286036.84,1203714.2,1393751,23464.998,276455.8,11065.428,195525.5
Hungary,HUN,1987,290790.84,1178843.1,1436111.5,23411.604,285170.03,11289.632,202659.14
Hungary,HUN,1988,282893.8,1063875.2,1446168.9,21869.709,284051.4,10644.145,208813.36
Hungary,HUN,1989,279835.3,977788.8,1433426.6,19794.61,292015.34,10204.387,198801.58
Hungary,HUN,1990,251365.61,831208.4,1380187.6,20821.76,295707.4,8877.124,160758.6
Hungary,HUN,1991,222657.06,833572.7,1295636.1,21872.39,268027.66,8025.102,143602.92
Hungary,HUN,1992,194252.6,718656.2,1020334.5,18646.287,240458.19,6446.5684,106897.22
Hungary,HUN,1993,193692.58,719600.75,1088010.8,19930.977,228368.05,6141.6973,107249.54
Hungary,HUN,1994,191546.31,633297.75,976388.4,17952.922,214256.48,5874.9424,98729.086
Hungary,HUN,1995,189260.92,618754,948137.94,17403.057,209491.75,5716.1465,98231.58
Hungary,HUN,1996,193491.73,615947.94,921061.8,16736.566,201447.9,5730.1045,105322.336
Hungary,HUN,1997,195336.06,626436.2,868863.25,16660.744,192086.89,5468.8926,101796.19
Hungary,HUN,1998,193882.88,565941.6,801683.9,15208.655,185341.31,5484.86,101447.82
Hungary,HUN,1999,197517.97,557865.56,787124.56,15340.37,184622.14,5383.8364,104615.836
Hungary,HUN,2000,183492.14,427717.7,824740.4,14542.651,187733.7,4965.079,106130.95
Hungary,HUN,2001,183013.27,346594.34,833948.1,15380.238,186700.45,5089.1313,106542.984
Hungary,HUN,2002,174091.75,272506.03,685082.44,14496.581,173354.05,5312.5537,104892.27
Hungary,HUN,2003,178444.28,246106.56,810607.94,14685.337,177742.2,5249.327,105316.37
Hungary,HUN,2004,176398.48,151195.58,744433,13433.576,172775.88,4984.6953,107239.29
Hungary,HUN,2005,172991.5,42718.582,668984.3,22648.547,169792.06,5936.428,98885.61
Hungary,HUN,2006,164634.14,38921.64,578364.8,23320.215,156402.45,5860.422,99861.03
Hungary,HUN,2007,158467.58,36081.266,537204.1,24728.178,142095.98,5768.9883,96920.81
Hungary,HUN,2008,153104.17,35666.516,477759.56,22666.105,133085.45,5636.2446,87438.7
Hungary,HUN,2009,142803.22,29623.2,521037.6,30647.652,131772.27,6204.47,86781.08
Hungary,HUN,2010,139293.72,30342.326,528227.2,34074.688,126639.32,6374.4634,85725.6
Hungary,HUN,2011,130132.27,34164.38,537931.7,36756.3,130082.06,6493.8154,86070.4
Hungary,HUN,2012,123061.96,30403.496,553897.2,38363.05,130725.12,6220.0117,87638.46
Hungary,HUN,2013,118459.82,29182.568,547172.1,38972.273,127639.91,6247.8467,88002.52
Hungary,HUN,2014,117149.65,25779.59,467171.9,32911.176,118553.13,5817.465,87743.33
Hungary,HUN,2015,117498.734,23814.738,452570.53,34649.94,122624.66,6069.554,88634.92
Hungary,HUN,2016,109362.51,23030.24,439280.22,33290.79,120792.4,5832.7515,90398.17
Hungary,HUN,2017,110122.96,27586.957,429671.25,31656.877,120172.73,5615.146,93691.91
Hungary,HUN,2018,109397.17,22914.465,368076.2,27098.693,113251.75,5242.8,93298.38
Hungary,HUN,2019,104065.445,17462.643,350452.38,25197.754,113990.25,4962.6045,92984.02
Hungary,HUN,2020,95620.46,16476.36,335072.4,24464.14,108846.22,4620.11,91575.78
Hungary,HUN,2021,97307.445,14066.39,338867.3,24581.133,110771.06,4717.3413,92114.41
Hungary,HUN,2022,91160.8,13043.011,322392.62,23664.814,108479.37,4498.5815,91658.56